exp_id,exp_type,brain,created_at,brain_id,subject,cohort,project_code,project_name,status,duration_seconds,atlas,voxel_z,voxel_xy,det_preset,det_ball_xy,det_ball_z,det_soma_diameter,det_threshold,det_cells_found,det_scope,det_z_start,det_z_end,det_z_center,train_epochs,train_learning_rate,train_augment,train_pretrained,train_loss,train_accuracy,class_model_path,class_cube_size,class_batch_size,class_cells_found,class_rejected,count_regions,count_total_cells,count_output_csv,reg_atlas,reg_orientation,reg_voxel_z,reg_voxel_xy,reg_affine_n_steps,reg_freeform_n_steps,reg_approved,reg_approved_at,reg_qc_images,input_path,output_path,model_path,parent_experiment,rating,notes,tags,script_version,hostname,qc_image_path,marked_best,archived_by,archived_at,diff_vs_best,diff_gained,diff_lost,comparison_ref,imaging_paradigm,paradigm_best
det_20260106_162707_ef4dbd,detection,349_CNT_01_02_1p625x_z4,2026-01-06T16:27:07.498028,349,CNT_01_02,CNT_01,CNT,Connectome,completed,,allen_mouse_10um,4.0,3.9877300613496933,custom,10.0,10.0,10.0,8.0,771,,,,,,,,,,,,,,,,,,,,,,,,,,,,,\\134.48.78.185\blac\2_Connectome\3_Nuclei_Detection\2_Data_Summary\optimization_runs\349_CNT_01_02_1p625x_z4\test_20260106_162707,,,,Z0-50,,1.0.0,BISC_IC_AS3,,,,,,,,,,
det_20260106_164700_c82297,detection,349_CNT_01_02_1p625x_z4,2026-01-06T16:47:00.563772,349,CNT_01_02,CNT_01,CNT,Connectome,completed,,allen_mouse_10um,4.0,3.9877300613496933,custom,10.0,10.0,10.0,8.0,771,,,,,,,,,,,,,,,,,,,,,,,,,,,,,\\134.48.78.185\blac\2_Connectome\3_Nuclei_Detection\2_Data_Summary\optimization_runs\349_CNT_01_02_1p625x_z4\test_20260106_164700,,,,Z0-50,,1.0.0,BISC_IC_AS3,,,,,,,,,,
det_20260106_164900_d49511,detection,349_CNT_01_02_1p625x_z4,2026-01-06T16:49:00.627014,349,CNT_01_02,CNT_01,CNT,Connectome,completed,,allen_mouse_10um,4.0,3.9877300613496933,custom,10.0,10.0,10.0,8.0,29787,,,,,,,,,,,,,,,,,,,,,,,,,,,,,\\134.48.78.185\blac\2_Connectome\3_Nuclei_Detection\2_Data_Summary\optimization_runs\349_CNT_01_02_1p625x_z4\test_20260106_164900,,,,Z0-1218,,1.0.0,BISC_IC_AS3,,,,,,,,,,
det_20260107_173747_3295fc,detection,349_CNT_01_02_1p625x_z4,2026-01-07T17:37:47.032364,349,CNT_01_02,CNT_01,CNT,Connectome,completed,,allen_mouse_10um,4.0,3.9877300613496933,custom,10.0,10.0,10.0,8.0,1171,,,,,,,,,,,,,,,,,,,,,,,,,,,,,\\134.48.78.185\blac\2_Connectome\3_Nuclei_Detection\2_Data_Summary\optimization_runs\349_CNT_01_02_1p625x_z4\test_20260107_173747,,,,Z416-466,,1.0.0,BISC_IC_AS3,,,,,,,,,,
det_20260107_174242_c829a3,detection,349_CNT_01_02_1p625x_z4,2026-01-07T17:42:42.221852,349,CNT_01_02,CNT_01,CNT,Connectome,completed,,allen_mouse_10um,4.0,3.9877300613496933,custom,10.0,10.0,10.0,8.0,29793,,,,,,,,,,,,,,,,,,,,,,,,,,,,,\\134.48.78.185\blac\2_Connectome\3_Nuclei_Detection\2_Data_Summary\optimization_runs\349_CNT_01_02_1p625x_z4\test_20260107_174242,,,,Z0-1219,,1.0.0,BISC_IC_AS3,,,,,,,,,,
det_20260108_083227_e3b90c,detection,349_CNT_01_02_1p625x_z4,2026-01-08T08:32:27.271569,349,CNT_01_02,CNT_01,CNT,Connectome,completed,,allen_mouse_10um,4.0,3.9877300613496933,custom,10.0,10.0,10.0,8.0,29793,,,,,,,,,,,,,,,,,,,,,,,,,,,,,\\134.48.78.185\blac\2_Connectome\3_Nuclei_Detection\2_Data_Summary\optimization_runs\349_CNT_01_02_1p625x_z4\test_20260108_083227,,,5,Z0-1219,,1.0.0,BISC_IC_AS3,,,,,,,,,,
det_20260108_114043_981ed4,detection,349_CNT_01_02_1p625x_z4,2026-01-08T11:40:43.431590,349,CNT_01_02,CNT_01,CNT,Connectome,completed,,allen_mouse_10um,4.0,3.9877300613496933,custom,10.0,10.0,10.0,8.0,1232,,,,,,,,,,,,,,,,,,,,,,,,,,,,,\\134.48.78.185\blac\2_Connectome\3_Nuclei_Detection\2_Data_Summary\optimization_runs\349_CNT_01_02_1p625x_z4\test_20260108_114043,,,,Z584-634,,1.0.0,BISC_IC_AS3,,,,,,,,,,
det_20260108_115731_811647,detection,349_CNT_01_02_1p625x_z4,2026-01-08T11:57:31.539641,349,CNT_01_02,CNT_01,CNT,Connectome,completed,,allen_mouse_10um,4.0,3.9877300613496933,custom,10.0,10.0,10.0,8.0,29793,,,,,,,,,,,,,,,,,,,,,,,,,,,,,\\134.48.78.185\blac\2_Connectome\3_Nuclei_Detection\2_Data_Summary\optimization_runs\349_CNT_01_02_1p625x_z4\test_20260108_115731,,,,Z0-1219,,1.0.0,BISC_IC_AS3,,,,,,,,,,
det_20260108_140548_7c5fb4,detection,349_CNT_01_02_1p625x_z4,2026-01-08T14:05:48.188762,349,CNT_01_02,CNT_01,CNT,Connectome,completed,,allen_mouse_10um,4.0,3.9877300613496933,custom,10.0,10.0,10.0,8.0,29793,,,,,,,,,,,,,,,,,,,,,,,,,,,,,\\134.48.78.185\blac\2_Connectome\3_Nuclei_Detection\2_Data_Summary\optimization_runs\349_CNT_01_02_1p625x_z4\test_20260108_140548,,,5,Z0-1219,,1.0.0,BISC_IC_AS3,,True,,,,,,,,
det_20260109_093806_6c45ca,detection,349_CNT_01_02_1p625x_z4,2026-01-09T09:38:06.388713,349,CNT_01_02,CNT_01,CNT,Connectome,completed,,allen_mouse_10um,4.0,3.9877300613496933,custom,10.0,10.0,10.0,8.0,29793,,,,,,,,,,,,,,,,,,,,,,,,,,,,,\\134.48.78.185\blac\2_Connectome\3_Nuclei_Detection\2_Data_Summary\optimization_runs\349_CNT_01_02_1p625x_z4\test_20260109_093806,,,,Z0-1219,,1.0.0,BISC_IC_AS3,,,,,,,,,,
cla_20260109_111656_0abf1a,classification,349_CNT_01_02_1p625x_z4,2026-01-09T11:16:56.835984,349,CNT_01_02,CNT_01,CNT,Connectome,completed,,,,,,,,,,,,,,,,,,,,,,,,28525,0,50,32,,,,,,,,,,,,,,,\\134.48.78.185\blac\2_Connectome\3_Nuclei_Detection\1_Brains\349_CNT_01_02\349_CNT_01_02_1p625x_z4\4_Cell_Candidates\Detected_20251212.xml,\\134.48.78.185\blac\2_Connectome\3_Nuclei_Detection\1_Brains\349_CNT_01_02\349_CNT_01_02_1p625x_z4\5_Classified_Cells,\\134.48.78.185\blac\2_Connectome\3_Nuclei_Detection\util_Brainglobe\Trained_Models\20251222\model.keras,,,Run from napari tuning widget (Python API),,1.0.0,BISC_IC_AS3,,,,,,
cla_20260109_170123_5a4cca,classification,349_CNT_01_02_1p625x_z4,2026-01-09T17:01:23.715557,349,CNT_01_02,CNT_01,CNT,Connectome,failed,,,,,,,,,,,,,,,,,,,,,default,50,32,,,,,,,,,,,,,,,\\134.48.78.185\blac\2_Connectome\3_Nuclei_Detection\1_Brains\349_CNT_01_02\349_CNT_01_02_1p625x_z4\4_Cell_Candidates\Detected_20251212.xml,\\134.48.78.185\blac\2_Connectome\3_Nuclei_Detection\1_Brains\349_CNT_01_02\349_CNT_01_02_1p625x_z4\5_Classified_Cells,default,,,Run from napari tuning widget (Python API),,1.0.0,BISC_IC_AS3,,,,,,,,,,
cla_20260109_170203_fe1071,classification,349_CNT_01_02_1p625x_z4,2026-01-09T17:02:03.993112,349,CNT_01_02,CNT_01,CNT,Connectome,started,,,,,,,,,,,,,,,,,,,,,\\134.48.78.185\blac\2_Connectome\3_Nuclei_Detection\util_Brainglobe\Trained_Models\20251222\model.keras,50,32,,,,,,,,,,,,,,,\\134.48.78.185\blac\2_Connectome\3_Nuclei_Detection\1_Brains\349_CNT_01_02\349_CNT_01_02_1p625x_z4\4_Cell_Candidates\Detected_20251212.xml,\\134.48.78.185\blac\2_Connectome\3_Nuclei_Detection\1_Brains\349_CNT_01_02\349_CNT_01_02_1p625x_z4\5_Classified_Cells,\\134.48.78.185\blac\2_Connectome\3_Nuclei_Detection\util_Brainglobe\Trained_Models\20251222\model.keras,,,Run from napari tuning widget (Python API),,1.0.0,BISC_IC_AS3,,,,,,,,,1p625x_z4,
cla_20260109_171210_c78fa7,classification,349_CNT_01_02_1p625x_z4,2026-01-09T17:12:10.722492,349,CNT_01_02,CNT_01,CNT,Connectome,completed,,,,,,,,,,,,,,,,,,,,,\\134.48.78.185\blac\2_Connectome\3_Nuclei_Detection\util_Brainglobe\Trained_Models\20251222\model.keras,50,32,28525,0,,,,,,,,,,,,,\\134.48.78.185\blac\2_Connectome\3_Nuclei_Detection\1_Brains\349_CNT_01_02\349_CNT_01_02_1p625x_z4\4_Cell_Candidates\Detected_20251212.xml,\\134.48.78.185\blac\2_Connectome\3_Nuclei_Detection\1_Brains\349_CNT_01_02\349_CNT_01_02_1p625x_z4\5_Classified_Cells,\\134.48.78.185\blac\2_Connectome\3_Nuclei_Detection\util_Brainglobe\Trained_Models\20251222\model.keras,,,Run from napari tuning widget (Python API),,1.0.0,BISC_IC_AS3,,,,,,,,,1p625x_z4,
tra_20260110_005732_36d2c5,training,1p625x_z4_v1,2026-01-10T00:57:32.707660,,,,,,failed,25.1,,,,,,,,,,,,,,100,0.0001,True,,,,,,,,,,,,,,,,,,,,,\\134.48.78.185\blac\2_Connectome\3_Nuclei_Detection\1_Brains\349_CNT_01_02\349_CNT_01_02_1p625x_z4\training_data,\\134.48.78.185\blac\2_Connectome\3_Nuclei_Detection\util_Brainglobe\Trained_Models\1p625x_z4_v1_20260110_005732,,,,,,1.0.0,BISC_IC_AS3,,,,,,,,,,
tra_20260110_010233_8ef646,training,1p625x_z4_v1,2026-01-10T01:02:33.383421,,,,,,completed,6892.9,,,,,,,,,,,,,,100,0.0001,True,,,,,,,,,,,,,,,,,,,,,Y:\2_Connectome\3_Nuclei_Detection\1_Brains\349_CNT_01_02\349_CNT_01_02_1p625x_z4\training_data,\\134.48.78.185\blac\2_Connectome\3_Nuclei_Detection\util_Brainglobe\Trained_Models\1p625x_z4_v1_20260110_010233,,,,,,1.0.0,BISC_IC_AS3,,,,,,,,,,
cla_20260110_031836_891012,classification,349_CNT_01_02/349_CNT_01_02_1p625x_z4,2026-01-10T03:18:36.095141,349,CNT_01_02/349,CNT_01,CNT,Connectome,failed,0.0,,,,,,,,,,,,,,,,,,,,Y:\2_Connectome\3_Nuclei_Detection\util_Brainglobe\Trained_Models\1p625x_z4_v1_20260110_010233\model.keras,50,32,0,0,,,,,,,,,,,,,\\134.48.78.185\blac\2_Connectome\3_Nuclei_Detection\1_Brains\349_CNT_01_02\349_CNT_01_02_1p625x_z4\4_Cell_Candidates\Detected_20251212.xml,\\134.48.78.185\blac\2_Connectome\3_Nuclei_Detection\1_Brains\349_CNT_01_02\349_CNT_01_02_1p625x_z4\5_Classified_Cells,Y:\2_Connectome\3_Nuclei_Detection\util_Brainglobe\Trained_Models\1p625x_z4_v1_20260110_010233\model.keras,det_20260108_140548_7c5fb4,,,,1.0.0,BISC_IC_AS3,,,,,,,,,CNT_01_02_1p625x_z4,
cla_20260110_032302_ea420b,classification,349_CNT_01_02/349_CNT_01_02_1p625x_z4,2026-01-10T03:23:02.976233,349,CNT_01_02/349,CNT_01,CNT,Connectome,failed,1.0,,,,,,,,,,,,,,,,,,,,Y:\2_Connectome\3_Nuclei_Detection\util_Brainglobe\Trained_Models\1p625x_z4_v1_20260110_010233\model.keras,50,32,0,0,,,,,,,,,,,,,\\134.48.78.185\blac\2_Connectome\3_Nuclei_Detection\1_Brains\349_CNT_01_02\349_CNT_01_02_1p625x_z4\4_Cell_Candidates\Detected_20251212.xml,\\134.48.78.185\blac\2_Connectome\3_Nuclei_Detection\1_Brains\349_CNT_01_02\349_CNT_01_02_1p625x_z4\5_Classified_Cells,Y:\2_Connectome\3_Nuclei_Detection\util_Brainglobe\Trained_Models\1p625x_z4_v1_20260110_010233\model.keras,det_20260108_140548_7c5fb4,,,,1.0.0,BISC_IC_AS3,,,,,,,,,CNT_01_02_1p625x_z4,
cla_20260110_035716_f77fbb,classification,349_CNT_01_02/349_CNT_01_02_1p625x_z4,2026-01-10T03:57:16.108930,349,CNT_01_02/349,CNT_01,CNT,Connectome,completed,4877.3,,,,,,,,,,,,,,,,,,,,Y:\2_Connectome\3_Nuclei_Detection\util_Brainglobe\Trained_Models\1p625x_z4_v1_20260110_010233\model.keras,50,32,31301,0,,,,,,,,,,,,,\\134.48.78.185\blac\2_Connectome\3_Nuclei_Detection\1_Brains\349_CNT_01_02\349_CNT_01_02_1p625x_z4\4_Cell_Candidates\Detected_20251212.xml,\\134.48.78.185\blac\2_Connectome\3_Nuclei_Detection\1_Brains\349_CNT_01_02\349_CNT_01_02_1p625x_z4\5_Classified_Cells,Y:\2_Connectome\3_Nuclei_Detection\util_Brainglobe\Trained_Models\1p625x_z4_v1_20260110_010233\model.keras,det_20260108_140548_7c5fb4,,,,1.0.0,BISC_IC_AS3,,,,,,,,,CNT_01_02_1p625x_z4,
cou_20260112_085925_2569f3,counts,349_CNT_01_02/349_CNT_01_02_1p625x_z4,2026-01-12T08:59:25.479898,349,CNT_01_02/349,CNT_01,CNT,Connectome,failed,0.4,allen_mouse_10um,,,,,,,,,,,,,,,,,,,,,,,,,0,,,,,,,,,,,\\134.48.78.185\blac\2_Connectome\3_Nuclei_Detection\1_Brains\349_CNT_01_02\349_CNT_01_02_1p625x_z4\5_Classified_Cells\cells.xml,\\134.48.78.185\blac\2_Connectome\3_Nuclei_Detection\1_Brains\349_CNT_01_02\349_CNT_01_02_1p625x_z4\6_Region_Analysis,,,,,,1.0.0,BISC_IC_AS3,,,,,,,,,CNT_01_02_1p625x_z4,
cou_20260112_111044_8d4717,counts,349_CNT_01_02/349_CNT_01_02_1p625x_z4,2026-01-12T11:10:44.076641,349,CNT_01_02/349,CNT_01,CNT,Connectome,failed,0.4,allen_mouse_10um,,,,,,,,,,,,,,,,,,,,,,,,,0,,,,,,,,,,,,,,,,,,,,\\134.48.78.185\blac\2_Connectome\3_Nuclei_Detection\1_Brains\349_CNT_01_02\349_CNT_01_02_1p625x_z4\5_Classified_Cells\cells.xml,\\134.48.78.185\blac\2_Connectome\3_Nuclei_Detection\1_Brains\349_CNT_01_02\349_CNT_01_02_1p625x_z4\6_Region_Analysis,,,,,,1.0.0,BISC_IC_AS3,
cou_20260112_111337_b52ec8,counts,349_CNT_01_02/349_CNT_01_02_1p625x_z4,2026-01-12T11:13:37.597914,349,CNT_01_02/349,CNT_01,CNT,Connectome,failed,0.4,allen_mouse_10um,,,,,,,,,,,,,,,,,,,,,,,,,0,,,,,,,,,,,\\134.48.78.185\blac\2_Connectome\3_Nuclei_Detection\1_Brains\349_CNT_01_02\349_CNT_01_02_1p625x_z4\5_Classified_Cells\cells.xml,\\134.48.78.185\blac\2_Connectome\3_Nuclei_Detection\1_Brains\349_CNT_01_02\349_CNT_01_02_1p625x_z4\6_Region_Analysis,,,,,,1.0.0,BISC_IC_AS3,,,,,,,,,CNT_01_02_1p625x_z4,
cou_20260112_111912_91c55f,counts,349_CNT_01_02/349_CNT_01_02_1p625x_z4,2026-01-12T11:19:12.974170,349,CNT_01_02/349,CNT_01,CNT,Connectome,failed,0.4,allen_mouse_10um,,,,,,,,,,,,,,,,,,,,,,,,,0,,,,,,,,,,,\\134.48.78.185\blac\2_Connectome\3_Nuclei_Detection\1_Brains\349_CNT_01_02\349_CNT_01_02_1p625x_z4\5_Classified_Cells\cells.xml,\\134.48.78.185\blac\2_Connectome\3_Nuclei_Detection\1_Brains\349_CNT_01_02\349_CNT_01_02_1p625x_z4\6_Region_Analysis,,,,,,1.0.0,BISC_IC_AS3,,,,,,,,,CNT_01_02_1p625x_z4,
cou_20260112_113531_54268e,counts,349_CNT_01_02/349_CNT_01_02_1p625x_z4,2026-01-12T11:35:31.141754,349,CNT_01_02/349,CNT_01,CNT,Connectome,failed,0.4,allen_mouse_10um,,,,,,,,,,,,,,,,,,,,,,,,,0,,,,,,,,,,,\\134.48.78.185\blac\2_Connectome\3_Nuclei_Detection\1_Brains\349_CNT_01_02\349_CNT_01_02_1p625x_z4\5_Classified_Cells\cells.xml,\\134.48.78.185\blac\2_Connectome\3_Nuclei_Detection\1_Brains\349_CNT_01_02\349_CNT_01_02_1p625x_z4\6_Region_Analysis,,,,,,1.0.0,BISC_IC_AS3,,,,,,,,,CNT_01_02_1p625x_z4,
cou_20260112_113606_c57378,counts,349_CNT_01_02/349_CNT_01_02_1p625x_z4,2026-01-12T11:36:06.142950,349,CNT_01_02/349,CNT_01,CNT,Connectome,failed,0.4,allen_mouse_10um,,,,,,,,,,,,,,,,,,,,,,,,,0,,,,,,,,,,,\\134.48.78.185\blac\2_Connectome\3_Nuclei_Detection\1_Brains\349_CNT_01_02\349_CNT_01_02_1p625x_z4\5_Classified_Cells\cells.xml,\\134.48.78.185\blac\2_Connectome\3_Nuclei_Detection\1_Brains\349_CNT_01_02\349_CNT_01_02_1p625x_z4\6_Region_Analysis,,,,,,1.0.0,BISC_IC_AS3,,,,,,,,,CNT_01_02_1p625x_z4,
cou_20260112_114119_2e0a25,counts,349_CNT_01_02/349_CNT_01_02_1p625x_z4,2026-01-12T11:41:19.765753,349,CNT_01_02/349,CNT_01,CNT,Connectome,failed,0.4,allen_mouse_10um,,,,,,,,,,,,,,,,,,,,,,,,,0,,,,,,,,,,,\\134.48.78.185\blac\2_Connectome\3_Nuclei_Detection\1_Brains\349_CNT_01_02\349_CNT_01_02_1p625x_z4\5_Classified_Cells\cells.xml,\\134.48.78.185\blac\2_Connectome\3_Nuclei_Detection\1_Brains\349_CNT_01_02\349_CNT_01_02_1p625x_z4\6_Region_Analysis,,,,,,1.0.0,BISC_IC_AS3,,,,,,,,,CNT_01_02_1p625x_z4,
cou_20260112_114137_4f5024,counts,349_CNT_01_02/349_CNT_01_02_1p625x_z4,2026-01-12T11:41:37.908598,349,CNT_01_02/349,CNT_01,CNT,Connectome,failed,0.4,allen_mouse_10um,,,,,,,,,,,,,,,,,,,,,,,,,0,,,,,,,,,,,\\134.48.78.185\blac\2_Connectome\3_Nuclei_Detection\1_Brains\349_CNT_01_02\349_CNT_01_02_1p625x_z4\5_Classified_Cells\cells.xml,\\134.48.78.185\blac\2_Connectome\3_Nuclei_Detection\1_Brains\349_CNT_01_02\349_CNT_01_02_1p625x_z4\6_Region_Analysis,,,,,,1.0.0,BISC_IC_AS3,,,,,,,,,CNT_01_02_1p625x_z4,
reg_20260112_125710_44ac76,registration,349_CNT_01_02_1p625x_z4,2026-01-12T12:57:10.903632,349,CNT_01_02,CNT_01,CNT,Connectome,approved,,allen_mouse_10um,4.0,4.0,,,,,,,,,,,,,,,,,,,,,,,,,allen_mouse_10um,iar,4.0,4.0,6,6,True,2026-01-12T12:57:11.255627,,,\\134.48.78.185\blac\2_Connectome\3_Nuclei_Detection\1_Brains\349_CNT_01_02\349_CNT_01_02_1p625x_z4\3_Registered_Atlas,,,,Backfilled from existing registration,,1.0.0,BISC_IC_AS3,,,,,,,,,1p625x_z4,
cou_20260112_125712_dac0c4,counts,349_CNT_01_02/349_CNT_01_02_1p625x_z4,2026-01-12T12:57:12.744424,349,CNT_01_02/349,CNT_01,CNT,Connectome,completed,39.3,allen_mouse_10um,,,,,,,,,,,,,,,,,,,,,,,,,0,\\134.48.78.185\blac\2_Connectome\3_Nuclei_Detection\1_Brains\349_CNT_01_02\349_CNT_01_02_1p625x_z4\6_Region_Analysis\cell_counts_by_region.csv,,,,,,,,,,\\134.48.78.185\blac\2_Connectome\3_Nuclei_Detection\1_Brains\349_CNT_01_02\349_CNT_01_02_1p625x_z4\5_Classified_Cells\cells.xml,\\134.48.78.185\blac\2_Connectome\3_Nuclei_Detection\1_Brains\349_CNT_01_02\349_CNT_01_02_1p625x_z4\6_Region_Analysis,,,,,,1.0.0,BISC_IC_AS3,,,,,,,,,CNT_01_02_1p625x_z4,
cou_20260113_085831_000d43,counts,349_CNT_01_02/349_CNT_01_02_1p625x_z4,2026-01-13T08:58:31.387327,349,CNT_01_02/349,CNT_01,CNT,Connectome,completed,40.2,allen_mouse_10um,,,,,,,,,,,,,,,,,,,,,,,,,0,\\134.48.78.185\blac\2_Connectome\3_Nuclei_Detection\1_Brains\349_CNT_01_02\349_CNT_01_02_1p625x_z4\6_Region_Analysis\cell_counts_by_region.csv,,,,,,,,,,\\134.48.78.185\blac\2_Connectome\3_Nuclei_Detection\1_Brains\349_CNT_01_02\349_CNT_01_02_1p625x_z4\5_Classified_Cells\cells.xml,\\134.48.78.185\blac\2_Connectome\3_Nuclei_Detection\1_Brains\349_CNT_01_02\349_CNT_01_02_1p625x_z4\6_Region_Analysis,,,,,,1.0.0,BISC_IC_AS3,,,,,,,,,CNT_01_02_1p625x_z4,
cou_20260113_121735_93db71,counts,349_CNT_01_02/349_CNT_01_02_1p625x_z4,2026-01-13T12:17:35.190195,349,CNT_01_02/349,CNT_01,CNT,Connectome,failed,0.1,allen_mouse_10um,,,,,,,,,,,,,,,,,,,,,,,,,0,,,,,,,,,,,\\134.48.78.185\blac\2_Connectome\3_Nuclei_Detection\1_Brains\349_CNT_01_02\349_CNT_01_02_1p625x_z4\5_Classified_Cells\cells.xml,\\134.48.78.185\blac\2_Connectome\3_Nuclei_Detection\1_Brains\349_CNT_01_02\349_CNT_01_02_1p625x_z4\6_Region_Analysis,,,,,,1.0.0,BISC_IC_AS3,,,,,,,,,CNT_01_02_1p625x_z4,
cou_20260113_121817_b0aa43,counts,349_CNT_01_02/349_CNT_01_02_1p625x_z4,2026-01-13T12:18:17.330169,349,CNT_01_02/349,CNT_01,CNT,Connectome,completed,32.8,allen_mouse_10um,,,,,,,,,,,,,,,,,,,,,,,,,4457,\\134.48.78.185\blac\2_Connectome\3_Nuclei_Detection\1_Brains\349_CNT_01_02\349_CNT_01_02_1p625x_z4\6_Region_Analysis\cell_counts_by_region.csv,,,,,,,,,,\\134.48.78.185\blac\2_Connectome\3_Nuclei_Detection\1_Brains\349_CNT_01_02\349_CNT_01_02_1p625x_z4\5_Classified_Cells\cells.xml,\\134.48.78.185\blac\2_Connectome\3_Nuclei_Detection\1_Brains\349_CNT_01_02\349_CNT_01_02_1p625x_z4\6_Region_Analysis,,,,,,1.0.0,BISC_IC_AS3,,,,,,,,,CNT_01_02_1p625x_z4,
cou_20260113_122034_8659ce,counts,349_CNT_01_02/349_CNT_01_02_1p625x_z4,2026-01-13T12:20:34.109756,349,CNT_01_02/349,CNT_01,CNT,Connectome,completed,40.0,allen_mouse_10um,,,,,,,,,,,,,,,,,,,,,,,,,4457,\\134.48.78.185\blac\2_Connectome\3_Nuclei_Detection\1_Brains\349_CNT_01_02\349_CNT_01_02_1p625x_z4\6_Region_Analysis\cell_counts_by_region.csv,,,,,,,,,,\\134.48.78.185\blac\2_Connectome\3_Nuclei_Detection\1_Brains\349_CNT_01_02\349_CNT_01_02_1p625x_z4\5_Classified_Cells\cells.xml,\\134.48.78.185\blac\2_Connectome\3_Nuclei_Detection\1_Brains\349_CNT_01_02\349_CNT_01_02_1p625x_z4\6_Region_Analysis,,,,,,1.0.0,BISC_IC_AS3,,,,,,,,,CNT_01_02_1p625x_z4,
cou_20260113_123724_c8a9f1,counts,349_CNT_01_02/349_CNT_01_02_1p625x_z4,2026-01-13T12:37:24.335156,349,CNT_01_02/349,CNT_01,CNT,Connectome,completed,4.8,allen_mouse_10um,,,,,,,,,,,,,,,,,,,,,,,,,25930,\\134.48.78.185\blac\2_Connectome\3_Nuclei_Detection\1_Brains\349_CNT_01_02\349_CNT_01_02_1p625x_z4\6_Region_Analysis\cell_counts_by_region.csv,,,,,,,,,,\\134.48.78.185\blac\2_Connectome\3_Nuclei_Detection\1_Brains\349_CNT_01_02\349_CNT_01_02_1p625x_z4\5_Classified_Cells\cells.xml,\\134.48.78.185\blac\2_Connectome\3_Nuclei_Detection\1_Brains\349_CNT_01_02\349_CNT_01_02_1p625x_z4\6_Region_Analysis,,,,,,1.0.0,BISC_IC_AS3,,,,,,,,,CNT_01_02_1p625x_z4,
cou_20260113_124812_4d92da,counts,349_CNT_01_02/349_CNT_01_02_1p625x_z4,2026-01-13T12:48:12.549102,349,CNT_01_02/349,CNT_01,CNT,Connectome,completed,135.3,allen_mouse_10um,,,,,,,,,,,,,,,,,,,,,,,,,0,\\134.48.78.185\blac\2_Connectome\3_Nuclei_Detection\1_Brains\349_CNT_01_02\349_CNT_01_02_1p625x_z4\6_Region_Analysis\cell_counts_by_region.csv,,,,,,,,,,\\134.48.78.185\blac\2_Connectome\3_Nuclei_Detection\1_Brains\349_CNT_01_02\349_CNT_01_02_1p625x_z4\5_Classified_Cells\cells.xml,\\134.48.78.185\blac\2_Connectome\3_Nuclei_Detection\1_Brains\349_CNT_01_02\349_CNT_01_02_1p625x_z4\6_Region_Analysis,,,,,,1.0.0,BISC_IC_AS3,,,,,,,,,CNT_01_02_1p625x_z4,
cou_20260113_125241_6fcb84,counts,349_CNT_01_02/349_CNT_01_02_1p625x_z4,2026-01-13T12:52:41.948698,349,CNT_01_02/349,CNT_01,CNT,Connectome,completed,121.9,allen_mouse_10um,,,,,,,,,,,,,,,,,,,,,,,,,0,\\134.48.78.185\blac\2_Connectome\3_Nuclei_Detection\1_Brains\349_CNT_01_02\349_CNT_01_02_1p625x_z4\6_Region_Analysis\cell_counts_by_region.csv,,,,,,,,,,\\134.48.78.185\blac\2_Connectome\3_Nuclei_Detection\1_Brains\349_CNT_01_02\349_CNT_01_02_1p625x_z4\5_Classified_Cells\cells.xml,\\134.48.78.185\blac\2_Connectome\3_Nuclei_Detection\1_Brains\349_CNT_01_02\349_CNT_01_02_1p625x_z4\6_Region_Analysis,,,,,,1.0.0,BISC_IC_AS3,,,,,,,,,CNT_01_02_1p625x_z4,
cou_20260113_125630_ca8732,counts,349_CNT_01_02/349_CNT_01_02_1p625x_z4,2026-01-13T12:56:30.167520,349,CNT_01_02/349,CNT_01,CNT,Connectome,completed,120.3,allen_mouse_10um,,,,,,,,,,,,,,,,,,,,,,,,,0,\\134.48.78.185\blac\2_Connectome\3_Nuclei_Detection\1_Brains\349_CNT_01_02\349_CNT_01_02_1p625x_z4\6_Region_Analysis\cell_counts_by_region.csv,,,,,,,,,,\\134.48.78.185\blac\2_Connectome\3_Nuclei_Detection\1_Brains\349_CNT_01_02\349_CNT_01_02_1p625x_z4\5_Classified_Cells\cells.xml,\\134.48.78.185\blac\2_Connectome\3_Nuclei_Detection\1_Brains\349_CNT_01_02\349_CNT_01_02_1p625x_z4\6_Region_Analysis,,,,,,1.0.0,BISC_IC_AS3,,,,,,,,,CNT_01_02_1p625x_z4,
cou_20260113_143829_c2efee,counts,349_CNT_01_02/349_CNT_01_02_1p625x_z4,2026-01-13T14:38:29.252824,349,CNT_01_02/349,CNT_01,CNT,Connectome,completed,88.7,allen_mouse_10um,,,,,,,,,,,,,,,,,,,,,,,,,0,\\134.48.78.185\blac\2_Connectome\3_Nuclei_Detection\1_Brains\349_CNT_01_02\349_CNT_01_02_1p625x_z4\6_Region_Analysis\cell_counts_by_region.csv,,,,,,,,,,\\134.48.78.185\blac\2_Connectome\3_Nuclei_Detection\1_Brains\349_CNT_01_02\349_CNT_01_02_1p625x_z4\5_Classified_Cells\cells.xml,\\134.48.78.185\blac\2_Connectome\3_Nuclei_Detection\1_Brains\349_CNT_01_02\349_CNT_01_02_1p625x_z4\6_Region_Analysis,,,,,,1.0.0,BISC_IC_AS3,,,,,,,,,CNT_01_02_1p625x_z4,
cou_20260113_144535_37f4fa,counts,349_CNT_01_02/349_CNT_01_02_1p625x_z4,2026-01-13T14:45:35.634365,349,CNT_01_02/349,CNT_01,CNT,Connectome,completed,91.3,allen_mouse_10um,,,,,,,,,,,,,,,,,,,,,,,,,18618,\\134.48.78.185\blac\2_Connectome\3_Nuclei_Detection\1_Brains\349_CNT_01_02\349_CNT_01_02_1p625x_z4\6_Region_Analysis\cell_counts_by_region.csv,,,,,,,,,,\\134.48.78.185\blac\2_Connectome\3_Nuclei_Detection\1_Brains\349_CNT_01_02\349_CNT_01_02_1p625x_z4\5_Classified_Cells\cells.xml,\\134.48.78.185\blac\2_Connectome\3_Nuclei_Detection\1_Brains\349_CNT_01_02\349_CNT_01_02_1p625x_z4\6_Region_Analysis,,,,,,1.0.0,BISC_IC_AS3,,,,,,,,,CNT_01_02_1p625x_z4,
cou_20260113_164140_c38609,counts,349_CNT_01_02/349_CNT_01_02_1p625x_z4,2026-01-13T16:41:40.358779,349,CNT_01_02/349,CNT_01,CNT,Connectome,completed,115.0,allen_mouse_10um,,,,,,,,,,,,,,,,,,,,,,,,,4442,\\134.48.78.185\blac\2_Connectome\3_Nuclei_Detection\1_Brains\349_CNT_01_02\349_CNT_01_02_1p625x_z4\6_Region_Analysis\cell_counts_by_region.csv,,,,,,,,,,\\134.48.78.185\blac\2_Connectome\3_Nuclei_Detection\1_Brains\349_CNT_01_02\349_CNT_01_02_1p625x_z4\5_Classified_Cells\cells.xml,\\134.48.78.185\blac\2_Connectome\3_Nuclei_Detection\1_Brains\349_CNT_01_02\349_CNT_01_02_1p625x_z4\6_Region_Analysis,,,,,,1.0.1,BISC_IC_AS3,,,,,,,,,CNT_01_02_1p625x_z4,
cou_20260113_164623_d2a501,counts,349_CNT_01_02/349_CNT_01_02_1p625x_z4,2026-01-13T16:46:23.481791,349,CNT_01_02/349,CNT_01,CNT,Connectome,completed,92.3,allen_mouse_10um,,,,,,,,,,,,,,,,,,,,,,,,,14321,\\134.48.78.185\blac\2_Connectome\3_Nuclei_Detection\1_Brains\349_CNT_01_02\349_CNT_01_02_1p625x_z4\6_Region_Analysis\cell_counts_by_region.csv,,,,,,,,,,\\134.48.78.185\blac\2_Connectome\3_Nuclei_Detection\1_Brains\349_CNT_01_02\349_CNT_01_02_1p625x_z4\5_Classified_Cells\cells.xml,\\134.48.78.185\blac\2_Connectome\3_Nuclei_Detection\1_Brains\349_CNT_01_02\349_CNT_01_02_1p625x_z4\6_Region_Analysis,,,,,,1.0.1,BISC_IC_AS3,,,,,,,,,CNT_01_02_1p625x_z4,
cou_20260114_133836_a15c63,counts,349_CNT_01_02/349_CNT_01_02_1p625x_z4,2026-01-14T13:38:36.933236,349,CNT_01_02/349,CNT_01,CNT,Connectome,completed,90.6,allen_mouse_10um,,,,,,,,,,,,,,,,,,,,,,,,,14321,\\134.48.78.185\blac\2_Connectome\3_Nuclei_Detection\1_Brains\349_CNT_01_02\349_CNT_01_02_1p625x_z4\6_Region_Analysis\cell_counts_by_region.csv,,,,,,,,,,\\134.48.78.185\blac\2_Connectome\3_Nuclei_Detection\1_Brains\349_CNT_01_02\349_CNT_01_02_1p625x_z4\5_Classified_Cells\cells.xml,\\134.48.78.185\blac\2_Connectome\3_Nuclei_Detection\1_Brains\349_CNT_01_02\349_CNT_01_02_1p625x_z4\6_Region_Analysis,,,,,,1.0.1,BISC_IC_AS3,,,,,,,,,CNT_01_02_1p625x_z4,
cou_20260114_141841_abbcd8,counts,349_CNT_01_02/349_CNT_01_02_1p625x_z4,2026-01-14T14:18:41.054470,349,CNT_01_02/349,CNT_01,CNT,Connectome,completed,33.6,allen_mouse_10um,,,,,,,,,,,,,,,,,,,,,,,,,4457,\\134.48.78.185\blac\2_Connectome\3_Nuclei_Detection\1_Brains\349_CNT_01_02\349_CNT_01_02_1p625x_z4\6_Region_Analysis\cell_counts_by_region.csv,,,,,,,,,,\\134.48.78.185\blac\2_Connectome\3_Nuclei_Detection\1_Brains\349_CNT_01_02\349_CNT_01_02_1p625x_z4\5_Classified_Cells\cells.xml,\\134.48.78.185\blac\2_Connectome\3_Nuclei_Detection\1_Brains\349_CNT_01_02\349_CNT_01_02_1p625x_z4\6_Region_Analysis,,,,,,1.0.1,BISC_IC_AS3,,,,,,,,,CNT_01_02_1p625x_z4,
cou_20260114_142218_59b9fd,counts,349_CNT_01_02/349_CNT_01_02_1p625x_z4,2026-01-14T14:22:18.921409,349,CNT_01_02/349,CNT_01,CNT,Connectome,completed,33.0,allen_mouse_10um,,,,,,,,,,,,,,,,,,,,,,,,,4457,\\134.48.78.185\blac\2_Connectome\3_Nuclei_Detection\1_Brains\349_CNT_01_02\349_CNT_01_02_1p625x_z4\6_Region_Analysis\cell_counts_by_region.csv,,,,,,,,,,\\134.48.78.185\blac\2_Connectome\3_Nuclei_Detection\1_Brains\349_CNT_01_02\349_CNT_01_02_1p625x_z4\5_Classified_Cells\cells.xml,\\134.48.78.185\blac\2_Connectome\3_Nuclei_Detection\1_Brains\349_CNT_01_02\349_CNT_01_02_1p625x_z4\6_Region_Analysis,,,,,,1.0.1,BISC_IC_AS3,,,,,,,,,CNT_01_02_1p625x_z4,
cou_20260114_142319_dcf8d0,counts,349_CNT_01_02/349_CNT_01_02_1p625x_z4,2026-01-14T14:23:19.493243,349,CNT_01_02/349,CNT_01,CNT,Connectome,completed,91.7,allen_mouse_10um,,,,,,,,,,,,,,,,,,,,,,,,,25930,\\134.48.78.185\blac\2_Connectome\3_Nuclei_Detection\1_Brains\349_CNT_01_02\349_CNT_01_02_1p625x_z4\6_Region_Analysis\cell_counts_by_region.csv,,,,,,,,,,\\134.48.78.185\blac\2_Connectome\3_Nuclei_Detection\1_Brains\349_CNT_01_02\349_CNT_01_02_1p625x_z4\5_Classified_Cells\cells.xml,\\134.48.78.185\blac\2_Connectome\3_Nuclei_Detection\1_Brains\349_CNT_01_02\349_CNT_01_02_1p625x_z4\6_Region_Analysis,,,,,,1.0.1,BISC_IC_AS3,,,,,,,,,CNT_01_02_1p625x_z4,
cou_20260114_144624_9af760,counts,349_CNT_01_02/349_CNT_01_02_1p625x_z4,2026-01-14T14:46:24.772530,349,CNT_01_02/349,CNT_01,CNT,Connectome,failed,0.0,allen_mouse_10um,,,,,,,,,,,,,,,,,,,,,,,,,0,,,,,,,,,,,\\134.48.78.185\blac\2_Connectome\3_Nuclei_Detection\1_Brains\349_CNT_01_02\349_CNT_01_02_1p625x_z4\5_Classified_Cells\cells.xml,\\134.48.78.185\blac\2_Connectome\3_Nuclei_Detection\1_Brains\349_CNT_01_02\349_CNT_01_02_1p625x_z4\6_Region_Analysis,,,,,,1.0.1,BISC_IC_AS3,,,,,,,,,CNT_01_02_1p625x_z4,
cou_20260114_144643_de5a2a,counts,349_CNT_01_02/349_CNT_01_02_1p625x_z4,2026-01-14T14:46:43.776695,349,CNT_01_02/349,CNT_01,CNT,Connectome,completed,92.1,allen_mouse_10um,,,,,,,,,,,,,,,,,,,,,,,,,25930,\\134.48.78.185\blac\2_Connectome\3_Nuclei_Detection\1_Brains\349_CNT_01_02\349_CNT_01_02_1p625x_z4\6_Region_Analysis\cell_counts_by_region.csv,,,,,,,,,,\\134.48.78.185\blac\2_Connectome\3_Nuclei_Detection\1_Brains\349_CNT_01_02\349_CNT_01_02_1p625x_z4\5_Classified_Cells\cells.xml,\\134.48.78.185\blac\2_Connectome\3_Nuclei_Detection\1_Brains\349_CNT_01_02\349_CNT_01_02_1p625x_z4\6_Region_Analysis,,,,,,1.0.1,BISC_IC_AS3,,,,,,,,,CNT_01_02_1p625x_z4,
cou_20260114_151319_064049,counts,349_CNT_01_02/349_CNT_01_02_1p625x_z4,2026-01-14T15:13:19.693248,349,CNT_01_02/349,CNT_01,CNT,Connectome,completed,93.3,allen_mouse_10um,,,,,,,,,,,,,,,,,,,,,,,,,25930,\\134.48.78.185\blac\2_Connectome\3_Nuclei_Detection\1_Brains\349_CNT_01_02\349_CNT_01_02_1p625x_z4\6_Region_Analysis\cell_counts_by_region.csv,,,,,,,,,,\\134.48.78.185\blac\2_Connectome\3_Nuclei_Detection\1_Brains\349_CNT_01_02\349_CNT_01_02_1p625x_z4\5_Classified_Cells\cells.xml,\\134.48.78.185\blac\2_Connectome\3_Nuclei_Detection\1_Brains\349_CNT_01_02\349_CNT_01_02_1p625x_z4\6_Region_Analysis,,,,,,1.0.1,BISC_IC_AS3,,,,,,,,,CNT_01_02_1p625x_z4,
det_20260119_075451_989acf,detection,TEST_VERIFICATION_BRAIN_001,2026-01-19T07:54:51.171754,TEST,VERIFICATION_BRAIN_001,VERIFICATION_BRAIN,VERIFICATION,VERIFICATION,completed,,allen_mouse_10um,,,,6.0,15.0,,10,999,,,,,,,,,,,,,,,,,,,,,,,,,,,,,/fake/path/test.xml,,,,,,1.0.0,BISC_IC_AS3,,,,,,,,,,
cou_20260119_100554_0e42b4,counts,349_CNT_01_02/349_CNT_01_02_1p625x_z4,2026-01-19T10:05:54.607397,349,CNT_01_02/349,CNT_01,CNT,Connectome,started,,allen_mouse_10um,,,,,,,,,,,,,,,,,,,,,,,,,,,,,,,,,,,,\\134.48.78.185\blac\2_Connectome\3_Nuclei_Detection\1_Brains\349_CNT_01_02\349_CNT_01_02_1p625x_z4\5_Classified_Cells\cells.xml,\\134.48.78.185\blac\2_Connectome\3_Nuclei_Detection\1_Brains\349_CNT_01_02\349_CNT_01_02_1p625x_z4\6_Region_Analysis,,,,,,1.0.1,BISC_IC_AS3,,,,,,,,,CNT_01_02_1p625x_z4,
cou_20260119_100939_122ac0,counts,349_CNT_01_02/349_CNT_01_02_1p625x_z4,2026-01-19T10:09:39.070334,349,CNT_01_02/349,CNT_01,CNT,Connectome,started,,allen_mouse_10um,,,,,,,,,,,,,,,,,,,,,,,,,,,,,,,,,,,,\\134.48.78.185\blac\2_Connectome\3_Nuclei_Detection\1_Brains\349_CNT_01_02\349_CNT_01_02_1p625x_z4\5_Classified_Cells\cells.xml,\\134.48.78.185\blac\2_Connectome\3_Nuclei_Detection\1_Brains\349_CNT_01_02\349_CNT_01_02_1p625x_z4\6_Region_Analysis,,,,,,1.0.1,BISC_IC_AS3,,,,,,,,,CNT_01_02_1p625x_z4,
cou_20260119_101912_4fc14a,counts,349_CNT_01_02/349_CNT_01_02_1p625x_z4,2026-01-19T10:19:12.204707,349,CNT_01_02/349,CNT_01,CNT,Connectome,started,,allen_mouse_10um,,,,,,,,,,,,,,,,,,,,,,,,,,,,,,,,,,,,\\134.48.78.185\blac\2_Connectome\3_Nuclei_Detection\1_Brains\349_CNT_01_02\349_CNT_01_02_1p625x_z4\5_Classified_Cells\cells.xml,\\134.48.78.185\blac\2_Connectome\3_Nuclei_Detection\1_Brains\349_CNT_01_02\349_CNT_01_02_1p625x_z4\6_Region_Analysis,,,,,,1.0.1,BISC_IC_AS3,,,,,,,,,CNT_01_02_1p625x_z4,
reg_20260121_064518_435efc,registration,349_CNT_01_02_1p9x_z3p37,2026-01-21T06:45:18.618477,349,CNT_01_02,CNT_01,CNT,Connectome,started,,allen_mouse_10um,3.37,3.4211,,,,,,,,,,,,,,,,,,,,,,,,,allen_mouse_10um,iar,3.37,3.4211,6,6,,,,Y:\2_Connectome\Tissue\3D_Cleared\1_Brains\349_CNT_01_02\349_CNT_01_02_1p9x_z3p37\2_Cropped_For_Registration\ch0,Y:\2_Connectome\Tissue\3D_Cleared\1_Brains\349_CNT_01_02\349_CNT_01_02_1p9x_z3p37\3_Registered_Atlas,,,,,,2.0.2,BISC_IC_AS3,,,,,,,,,1p9x_z3p37,
det_20260121_071831_82ac47,detection,349_CNT_01_02/349_CNT_01_02_1p9x_z3p37,2026-01-21T07:18:31.614551,349,CNT_01_02/349,CNT_01,CNT,Connectome,completed,0.5,allen_mouse_10um,3.37,3.4211,custom,10,10,10,8,0,,,,,,,,,,,,,,,,,,,,,,,,,,,,Y:\2_Connectome\Tissue\3D_Cleared\1_Brains\349_CNT_01_02\349_CNT_01_02_1p9x_z3p37\2_Cropped_For_Registration,Y:\2_Connectome\Tissue\3D_Cleared\1_Brains\349_CNT_01_02\349_CNT_01_02_1p9x_z3p37\4_Cell_Candidates,,,,,,1.0.1,BISC_IC_AS3,,,,,,,,,CNT_01_02_1p9x_z3p37,
reg_20260121_071937_6a23b1,registration,356_CNT_01_13_2p1x_z3p96,2026-01-21T07:19:37.716183,356,CNT_01_13,CNT_01,CNT,Connectome,started,,allen_mouse_10um,3.96,3.0952,,,,,,,,,,,,,,,,,,,,,,,,,allen_mouse_10um,iar,3.96,3.0952,6,6,,,,Y:\2_Connectome\Tissue\3D_Cleared\1_Brains\356_CNT_01_13\356_CNT_01_13_2p1x_z3p96\2_Cropped_For_Registration\ch0,Y:\2_Connectome\Tissue\3D_Cleared\1_Brains\356_CNT_01_13\356_CNT_01_13_2p1x_z3p96\3_Registered_Atlas,,,,,,2.0.2,BISC_IC_AS3,,,,,,,,,2p1x_z3p96,
det_20260121_072519_8d057d,detection,349_CNT_01_02/349_CNT_01_02_1p9x_z3p37,2026-01-21T07:25:19.195576,349,CNT_01_02/349,CNT_01,CNT,Connectome,completed,3.7,allen_mouse_10um,3.37,3.4211,custom,10,10,10,8,0,,,,,,,,,,,,,,,,,,,,,,,,,,,,Y:\2_Connectome\Tissue\3D_Cleared\1_Brains\349_CNT_01_02\349_CNT_01_02_1p9x_z3p37\2_Cropped_For_Registration,Y:\2_Connectome\Tissue\3D_Cleared\1_Brains\349_CNT_01_02\349_CNT_01_02_1p9x_z3p37\4_Cell_Candidates,,,,,,1.0.1,BISC_IC_AS3,,,,,,,,,CNT_01_02_1p9x_z3p37,
reg_20260121_074002_692cf3,registration,357_CNT_02_08_1p625x_z4,2026-01-21T07:40:02.619702,357,CNT_02_08,CNT_02,CNT,Connectome,failed,91.719606,allen_mouse_10um,4.0,4.0,,,,,,,,,,,,,,,,,,,,,,,,,allen_mouse_10um,iar,4.0,4.0,6,6,,,,Y:\2_Connectome\Tissue\3D_Cleared\1_Brains\357_CNT_02_08\357_CNT_02_08_1p625x_z4\2_Cropped_For_Registration\ch0,Y:\2_Connectome\Tissue\3D_Cleared\1_Brains\357_CNT_02_08\357_CNT_02_08_1p625x_z4\3_Registered_Atlas,,,,,,2.0.2,BISC_IC_AS3,,,,,,,,,1p625x_z4,
reg_20260121_074249_68cbf9,registration,367_CNT_03_07_1p625x_z4,2026-01-21T07:42:49.138887,367,CNT_03_07,CNT_03,CNT,Connectome,failed,84.38482,allen_mouse_10um,4.0,4.0,,,,,,,,,,,,,,,,,,,,,,,,,allen_mouse_10um,iar,4.0,4.0,6,6,,,,Y:\2_Connectome\Tissue\3D_Cleared\1_Brains\367_CNT_03_07\367_CNT_03_07_1p625x_z4\2_Cropped_For_Registration\ch0,Y:\2_Connectome\Tissue\3D_Cleared\1_Brains\367_CNT_03_07\367_CNT_03_07_1p625x_z4\3_Registered_Atlas,,,,,,2.0.2,BISC_IC_AS3,,,,,,,,,1p625x_z4,
reg_20260121_074528_68c0f4,registration,368_CNT_03_08_1p625x_z4,2026-01-21T07:45:28.719505,368,CNT_03_08,CNT_03,CNT,Connectome,failed,84.074658,allen_mouse_10um,4.0,4.0,,,,,,,,,,,,,,,,,,,,,,,,,allen_mouse_10um,iar,4.0,4.0,6,6,,,,Y:\2_Connectome\Tissue\3D_Cleared\1_Brains\368_CNT_03_08\368_CNT_03_08_1p625x_z4\2_Cropped_For_Registration\ch0,Y:\2_Connectome\Tissue\3D_Cleared\1_Brains\368_CNT_03_08\368_CNT_03_08_1p625x_z4\3_Registered_Atlas,,,,,,2.0.2,BISC_IC_AS3,,,,,,,,,1p625x_z4,
reg_20260121_080258_e98a89,registration,357_CNT_02_08_1p625x_z4,2026-01-21T08:02:58.717085,357,CNT_02_08,CNT_02,CNT,Connectome,failed,85.549788,allen_mouse_10um,4.0,4.0,,,,,,,,,,,,,,,,,,,,,,,,,allen_mouse_10um,iar,4.0,4.0,6,6,,,,Y:\2_Connectome\Tissue\3D_Cleared\1_Brains\357_CNT_02_08\357_CNT_02_08_1p625x_z4\2_Cropped_For_Registration\ch0,Y:\2_Connectome\Tissue\3D_Cleared\1_Brains\357_CNT_02_08\357_CNT_02_08_1p625x_z4\3_Registered_Atlas,,,,,,2.0.2,BISC_IC_AS3,,,,,,,,,1p625x_z4,
reg_20260121_091352_4e6dfe,registration,357_CNT_02_08_1p625x_z4,2026-01-21T09:13:52.268374,357,CNT_02_08,CNT_02,CNT,Connectome,failed,99.201079,allen_mouse_10um,4.0,4.0,,,,,,,,,,,,,,,,,,,,,,,,,allen_mouse_10um,iar,4.0,4.0,6,6,,,,Y:\2_Connectome\Tissue\3D_Cleared\1_Brains\357_CNT_02_08\357_CNT_02_08_1p625x_z4\2_Cropped_For_Registration\ch0,Y:\2_Connectome\Tissue\3D_Cleared\1_Brains\357_CNT_02_08\357_CNT_02_08_1p625x_z4\3_Registered_Atlas,,,,,,2.0.2,BISC_IC_AS3,,,,,,,,,1p625x_z4,
reg_20260121_091645_fe5c33,registration,367_CNT_03_07_1p625x_z4,2026-01-21T09:16:45.024969,367,CNT_03_07,CNT_03,CNT,Connectome,failed,97.96911,allen_mouse_10um,4.0,4.0,,,,,,,,,,,,,,,,,,,,,,,,,allen_mouse_10um,iar,4.0,4.0,6,6,,,,Y:\2_Connectome\Tissue\3D_Cleared\1_Brains\367_CNT_03_07\367_CNT_03_07_1p625x_z4\2_Cropped_For_Registration\ch0,Y:\2_Connectome\Tissue\3D_Cleared\1_Brains\367_CNT_03_07\367_CNT_03_07_1p625x_z4\3_Registered_Atlas,,,,,,2.0.2,BISC_IC_AS3,,,,,,,,,1p625x_z4,
reg_20260121_091938_03cd67,registration,368_CNT_03_08_1p625x_z4,2026-01-21T09:19:38.749232,368,CNT_03_08,CNT_03,CNT,Connectome,failed,98.225164,allen_mouse_10um,4.0,4.0,,,,,,,,,,,,,,,,,,,,,,,,,allen_mouse_10um,iar,4.0,4.0,6,6,,,,Y:\2_Connectome\Tissue\3D_Cleared\1_Brains\368_CNT_03_08\368_CNT_03_08_1p625x_z4\2_Cropped_For_Registration\ch0,Y:\2_Connectome\Tissue\3D_Cleared\1_Brains\368_CNT_03_08\368_CNT_03_08_1p625x_z4\3_Registered_Atlas,,,,,,2.0.2,BISC_IC_AS3,,,,,,,,,1p625x_z4,
reg_20260121_092456_807695,registration,357_CNT_02_08_1p625x_z4,2026-01-21T09:24:56.451772,357,CNT_02_08,CNT_02,CNT,Connectome,completed,5732.823152,allen_mouse_10um,4.0,4.0,,,,,,,,,,,,,,,,,,,,,,,,,allen_mouse_10um,iar,4.0,4.0,6,6,,,Y:\2_Connectome\Tissue\3D_Cleared\1_Brains\357_CNT_02_08\357_CNT_02_08_1p625x_z4\3_Registered_Atlas\QC_registration_detailed.png,Y:\2_Connectome\Tissue\3D_Cleared\1_Brains\357_CNT_02_08\357_CNT_02_08_1p625x_z4\2_Cropped_For_Registration\ch0,Y:\2_Connectome\Tissue\3D_Cleared\1_Brains\357_CNT_02_08\357_CNT_02_08_1p625x_z4\3_Registered_Atlas,,,,,,2.0.2,BISC_IC_AS3,,,,,,,,,1p625x_z4,
det_20260121_110205_7af679,detection,357_CNT_02_08/357_CNT_02_08_1p625x_z4,2026-01-21T11:02:05.638593,357,CNT_02_08/357,CNT_02,CNT,Connectome,completed,4.7,allen_mouse_10um,4.0,4.0,custom,10,10,10,8,0,,,,,,,,,,,,,,,,,,,,,,,,,,,,Y:\2_Connectome\Tissue\3D_Cleared\1_Brains\357_CNT_02_08\357_CNT_02_08_1p625x_z4\2_Cropped_For_Registration,Y:\2_Connectome\Tissue\3D_Cleared\1_Brains\357_CNT_02_08\357_CNT_02_08_1p625x_z4\4_Cell_Candidates,,,,,,1.0.1,BISC_IC_AS3,,,,,,,,,CNT_02_08_1p625x_z4,
reg_20260121_111650_fcb6ec,registration,367_CNT_03_07_1p625x_z4,2026-01-21T11:16:50.172424,367,CNT_03_07,CNT_03,CNT,Connectome,completed,5646.264135,allen_mouse_10um,4.0,4.0,,,,,,,,,,,,,,,,,,,,,,,,,allen_mouse_10um,iar,4.0,4.0,6,6,,,Y:\2_Connectome\Tissue\3D_Cleared\1_Brains\367_CNT_03_07\367_CNT_03_07_1p625x_z4\3_Registered_Atlas\QC_registration_detailed.png,Y:\2_Connectome\Tissue\3D_Cleared\1_Brains\367_CNT_03_07\367_CNT_03_07_1p625x_z4\2_Cropped_For_Registration\ch0,Y:\2_Connectome\Tissue\3D_Cleared\1_Brains\367_CNT_03_07\367_CNT_03_07_1p625x_z4\3_Registered_Atlas,,,,,,2.0.2,BISC_IC_AS3,,,,,,,,,1p625x_z4,
det_20260121_125227_18bf3c,detection,367_CNT_03_07/367_CNT_03_07_1p625x_z4,2026-01-21T12:52:27.971465,367,CNT_03_07/367,CNT_03,CNT,Connectome,completed,3.3,allen_mouse_10um,4.0,4.0,custom,10,10,10,8,0,,,,,,,,,,,,,,,,,,,,,,,,,,,,Y:\2_Connectome\Tissue\3D_Cleared\1_Brains\367_CNT_03_07\367_CNT_03_07_1p625x_z4\2_Cropped_For_Registration,Y:\2_Connectome\Tissue\3D_Cleared\1_Brains\367_CNT_03_07\367_CNT_03_07_1p625x_z4\4_Cell_Candidates,,,,,,1.0.1,BISC_IC_AS3,,,,,,,,,CNT_03_07_1p625x_z4,
reg_20260121_130637_3a4006,registration,368_CNT_03_08_1p625x_z4,2026-01-21T13:06:37.165912,368,CNT_03_08,CNT_03,CNT,Connectome,completed,5070.512244,allen_mouse_10um,4.0,4.0,,,,,,,,,,,,,,,,,,,,,,,,,allen_mouse_10um,iar,4.0,4.0,6,6,,,Y:\2_Connectome\Tissue\3D_Cleared\1_Brains\368_CNT_03_08\368_CNT_03_08_1p625x_z4\3_Registered_Atlas\QC_registration_detailed.png,Y:\2_Connectome\Tissue\3D_Cleared\1_Brains\368_CNT_03_08\368_CNT_03_08_1p625x_z4\2_Cropped_For_Registration\ch0,Y:\2_Connectome\Tissue\3D_Cleared\1_Brains\368_CNT_03_08\368_CNT_03_08_1p625x_z4\3_Registered_Atlas,,,,,,2.0.2,BISC_IC_AS3,,,,,,,,,1p625x_z4,
det_20260121_143255_fd9399,detection,368_CNT_03_08/368_CNT_03_08_1p625x_z4,2026-01-21T14:32:55.789084,368,CNT_03_08/368,CNT_03,CNT,Connectome,completed,1.3,allen_mouse_10um,4.0,4.0,custom,10,10,10,8,0,,,,,,,,,,,,,,,,,,,,,,,,,,,,Y:\2_Connectome\Tissue\3D_Cleared\1_Brains\368_CNT_03_08\368_CNT_03_08_1p625x_z4\2_Cropped_For_Registration,Y:\2_Connectome\Tissue\3D_Cleared\1_Brains\368_CNT_03_08\368_CNT_03_08_1p625x_z4\4_Cell_Candidates,,,,,,1.0.1,BISC_IC_AS3,,,,,,,,,CNT_03_08_1p625x_z4,
det_20260121_150148_3ae6f5,detection,357_CNT_02_08/357_CNT_02_08_1p625x_z4,2026-01-21T15:01:48.780109,357,CNT_02_08/357,CNT_02,CNT,Connectome,completed,1.6,allen_mouse_10um,4.0,4.0,balanced,6,15,16,10,0,,,,,,,,,,,,,,,,,,,,,,,,,,,,Y:\2_Connectome\Tissue\3D_Cleared\1_Brains\357_CNT_02_08\357_CNT_02_08_1p625x_z4\2_Cropped_For_Registration,Y:\2_Connectome\Tissue\3D_Cleared\1_Brains\357_CNT_02_08\357_CNT_02_08_1p625x_z4\4_Cell_Candidates,,,,,,1.0.1,BISC_IC_AS3,,,,,,,,,CNT_02_08_1p625x_z4,
cla_20260121_180641_c1cb20,classification,357_CNT_02_08/357_CNT_02_08_1p625x_z4,2026-01-21T18:06:41.950935,357,CNT_02_08/357,CNT_02,CNT,Connectome,completed,10228.3,,,,,,,,,,,,,,,,,,,,Y:\2_Connectome\Tissue\3D_Cleared\util_Brainglobe\Trained_Models\1p625x_z4_v1_20260110_010233\model.keras,50,32,47970,0,,,,,,,,,,,,,Y:\2_Connectome\Tissue\3D_Cleared\1_Brains\357_CNT_02_08\357_CNT_02_08_1p625x_z4\4_Cell_Candidates\detected_cells.xml,Y:\2_Connectome\Tissue\3D_Cleared\1_Brains\357_CNT_02_08\357_CNT_02_08_1p625x_z4\5_Classified_Cells,Y:\2_Connectome\Tissue\3D_Cleared\util_Brainglobe\Trained_Models\1p625x_z4_v1_20260110_010233\model.keras,,,,,1.0.0,BISC_IC_AS3,,,,,,,,,CNT_02_08_1p625x_z4,
cla_20260122_080033_5d881e,classification,367_CNT_03_07/367_CNT_03_07_1p625x_z4,2026-01-22T08:00:33.212243,367,CNT_03_07/367,CNT_03,CNT,Connectome,completed,11999.8,,,,,,,,,,,,,,,,,,,,Y:\2_Connectome\Tissue\3D_Cleared\util_Brainglobe\Trained_Models\1p625x_z4_v1_20260110_010233\model.keras,50,32,49675,0,,,,,,,,,,,,,Y:\2_Connectome\Tissue\3D_Cleared\1_Brains\367_CNT_03_07\367_CNT_03_07_1p625x_z4\4_Cell_Candidates\detected_cells.xml,Y:\2_Connectome\Tissue\3D_Cleared\1_Brains\367_CNT_03_07\367_CNT_03_07_1p625x_z4\5_Classified_Cells,Y:\2_Connectome\Tissue\3D_Cleared\util_Brainglobe\Trained_Models\1p625x_z4_v1_20260110_010233\model.keras,,,,,1.0.0,BISC_IC_AS3,,,,,,,,,CNT_03_07_1p625x_z4,
cou_20260122_103425_da04a7,counts,357_CNT_02_08/357_CNT_02_08_1p625x_z4,2026-01-22T10:34:25.554171,357,CNT_02_08/357,CNT_02,CNT,Connectome,completed,236.3,allen_mouse_10um,,,,,,,,,,,,,,,,,,,,,,,,,34666,Y:\2_Connectome\Tissue\3D_Cleared\1_Brains\357_CNT_02_08\357_CNT_02_08_1p625x_z4\6_Region_Analysis\cell_counts_by_region.csv,,,,,,,,,,Y:\2_Connectome\Tissue\3D_Cleared\1_Brains\357_CNT_02_08\357_CNT_02_08_1p625x_z4\5_Classified_Cells\cells.xml,Y:\2_Connectome\Tissue\3D_Cleared\1_Brains\357_CNT_02_08\357_CNT_02_08_1p625x_z4\6_Region_Analysis,,,,,,1.0.1,BISC_IC_AS3,,,,,,,,,CNT_02_08_1p625x_z4,
cla_20260122_112800_b3978a,classification,368_CNT_03_08/368_CNT_03_08_1p625x_z4,2026-01-22T11:28:00.730672,368,CNT_03_08/368,CNT_03,CNT,Connectome,completed,16964.1,,,,,,,,,,,,,,,,,,,,Y:\2_Connectome\Tissue\3D_Cleared\util_Brainglobe\Trained_Models\1p625x_z4_v1_20260110_010233\model.keras,50,32,60506,0,,,,,,,,,,,,,Y:\2_Connectome\Tissue\3D_Cleared\1_Brains\368_CNT_03_08\368_CNT_03_08_1p625x_z4\4_Cell_Candidates\detected_cells.xml,Y:\2_Connectome\Tissue\3D_Cleared\1_Brains\368_CNT_03_08\368_CNT_03_08_1p625x_z4\5_Classified_Cells,Y:\2_Connectome\Tissue\3D_Cleared\util_Brainglobe\Trained_Models\1p625x_z4_v1_20260110_010233\model.keras,,,,,1.0.0,BISC_IC_AS3,,,,,,,,,CNT_03_08_1p625x_z4,
cou_20260122_123332_438595,counts,367_CNT_03_07/367_CNT_03_07_1p625x_z4,2026-01-22T12:33:32.475972,367,CNT_03_07/367,CNT_03,CNT,Connectome,started,,allen_mouse_10um,,,,,,,,,,,,,,,,,,,,,,,,,,,,,,,,,,,,Y:\2_Connectome\Tissue\3D_Cleared\1_Brains\367_CNT_03_07\367_CNT_03_07_1p625x_z4\5_Classified_Cells\cells.xml,Y:\2_Connectome\Tissue\3D_Cleared\1_Brains\367_CNT_03_07\367_CNT_03_07_1p625x_z4\6_Region_Analysis,,,,,,1.0.1,BISC_IC_AS3,,,,,,,,,CNT_03_07_1p625x_z4,
det_20260122_123640_69eb32,detection,368_CNT_03_08_1p625x_z4,2026-01-22T12:36:40.788393,368,CNT_03_08,CNT_03,CNT,Connectome,completed,,allen_mouse_10um,4.0,4.0,custom,10.0,10.0,10.0,8.0,5488,partial,730,780,755,,,,,,,,,,,,,,,,,,,,,,,,,Y:\2_Connectome\Tissue\3D_Cleared\2_Data_Summary\optimization_runs\368_CNT_03_08_1p625x_z4\test_20260122_123637,,,,Z730-780,,1.0.0,BISC_IC_AS3,,,,,,,,,1p625x_z4,
cou_20260122_125337_78a15f,counts,367_CNT_03_07/367_CNT_03_07_1p625x_z4,2026-01-22T12:53:37.410511,367,CNT_03_07/367,CNT_03,CNT,Connectome,started,,allen_mouse_10um,,,,,,,,,,,,,,,,,,,,,,,,,,,,,,,,,,,,Y:\2_Connectome\Tissue\3D_Cleared\1_Brains\367_CNT_03_07\367_CNT_03_07_1p625x_z4\5_Classified_Cells\cells.xml,Y:\2_Connectome\Tissue\3D_Cleared\1_Brains\367_CNT_03_07\367_CNT_03_07_1p625x_z4\6_Region_Analysis,,,,,,1.0.1,BISC_IC_AS3,,,,,,,,,CNT_03_07_1p625x_z4,
cou_20260122_132536_80cb63,counts,367_CNT_03_07/367_CNT_03_07_1p625x_z4,2026-01-22T13:25:36.986314,367,CNT_03_07/367,CNT_03,CNT,Connectome,started,,allen_mouse_10um,,,,,,,,,,,,,,,,,,,,,,,,,,,,,,,,,,,,Y:\2_Connectome\Tissue\3D_Cleared\1_Brains\367_CNT_03_07\367_CNT_03_07_1p625x_z4\5_Classified_Cells\cells.xml,Y:\2_Connectome\Tissue\3D_Cleared\1_Brains\367_CNT_03_07\367_CNT_03_07_1p625x_z4\6_Region_Analysis,,,,,,1.0.1,BISC_IC_AS3,,,,,,,,,CNT_03_07_1p625x_z4,
cou_20260122_134412_44c1aa,counts,367_CNT_03_07/367_CNT_03_07_1p625x_z4,2026-01-22T13:44:12.127347,367,CNT_03_07/367,CNT_03,CNT,Connectome,completed,2106.1,allen_mouse_10um,,,,,,,,,,,,,,,,,,,,,,,,,34818,Y:\2_Connectome\Tissue\3D_Cleared\1_Brains\367_CNT_03_07\367_CNT_03_07_1p625x_z4\6_Region_Analysis\cell_counts_by_region.csv,,,,,,,,,,Y:\2_Connectome\Tissue\3D_Cleared\1_Brains\367_CNT_03_07\367_CNT_03_07_1p625x_z4\5_Classified_Cells\cells.xml,Y:\2_Connectome\Tissue\3D_Cleared\1_Brains\367_CNT_03_07\367_CNT_03_07_1p625x_z4\6_Region_Analysis,,,,,,1.0.1,BISC_IC_AS3,,,,,,,,,CNT_03_07_1p625x_z4,
cla_20260122_162154_2b44e5,classification,368_CNT_03_08_1p625x_z4,2026-01-22T16:21:54.889105,368,CNT_03_08,CNT_03,CNT,Connectome,completed,,,,,,,,,,,,,,,,,,,,,Y:\2_Connectome\Tissue\3D_Cleared\util_Brainglobe\Trained_Models\1p625x_z4_v1_20260110_010233\model.keras,50,32,60476,0,,,,,,,,,,,,,Y:\2_Connectome\Tissue\3D_Cleared\1_Brains\368_CNT_03_08\368_CNT_03_08_1p625x_z4\4_Cell_Candidates\detected_cells.xml,Y:\2_Connectome\Tissue\3D_Cleared\1_Brains\368_CNT_03_08\368_CNT_03_08_1p625x_z4\5_Classified_Cells,Y:\2_Connectome\Tissue\3D_Cleared\util_Brainglobe\Trained_Models\1p625x_z4_v1_20260110_010233\model.keras,,,Run from napari tuning widget (Python API),,1.0.0,BISC_IC_AS3,,,,,,,,,1p625x_z4,
cou_20260123_073729_8ad0e1,counts,368_CNT_03_08/368_CNT_03_08_1p625x_z4,2026-01-23T07:37:29.514329,368,CNT_03_08/368,CNT_03,CNT,Connectome,completed,202.8,allen_mouse_10um,,,,,,,,,,,,,,,,,,,,,,,,,41881,Y:\2_Connectome\Tissue\3D_Cleared\1_Brains\368_CNT_03_08\368_CNT_03_08_1p625x_z4\6_Region_Analysis\cell_counts_by_region.csv,,,,,,,,,,Y:\2_Connectome\Tissue\3D_Cleared\1_Brains\368_CNT_03_08\368_CNT_03_08_1p625x_z4\5_Classified_Cells\cells.xml,Y:\2_Connectome\Tissue\3D_Cleared\1_Brains\368_CNT_03_08\368_CNT_03_08_1p625x_z4\6_Region_Analysis,,,,,,1.0.1,BISC_IC_AS3,,,,,,,,,CNT_03_08_1p625x_z4,
cou_20260123_074457_4e0262,counts,368_CNT_03_08/368_CNT_03_08_1p625x_z4,2026-01-23T07:44:57.761946,368,CNT_03_08/368,CNT_03,CNT,Connectome,completed,159.2,allen_mouse_10um,,,,,,,,,,,,,,,,,,,,,,,,,41881,Y:\2_Connectome\Tissue\3D_Cleared\1_Brains\368_CNT_03_08\368_CNT_03_08_1p625x_z4\6_Region_Analysis\cell_counts_by_region.csv,,,,,,,,,,Y:\2_Connectome\Tissue\3D_Cleared\1_Brains\368_CNT_03_08\368_CNT_03_08_1p625x_z4\5_Classified_Cells\cells.xml,Y:\2_Connectome\Tissue\3D_Cleared\1_Brains\368_CNT_03_08\368_CNT_03_08_1p625x_z4\6_Region_Analysis,,,,,,1.0.1,BISC_IC_AS3,,,,,,,,,CNT_03_08_1p625x_z4,
tra_20260123_111502_99fbb3,training,368_CNT_03_08_1p625x_z4,2026-01-23T11:15:02.978615,368,CNT_03_08,CNT_03,CNT,Connectome,data_exported,,,,,,,,,,,,,,,0,0.0001,True,,,,,,,,,,,,,,,,,,,,,,Y:\2_Connectome\Tissue\3D_Cleared\util_Brainglobe\Trained_Models\1p625x_z4\training_data,,,,"Training data export (BrainGlobe format): 823 cells, 993 non-cells",,1.0.0,BISC_IC_AS3,,,,,,,,,1p625x_z4,
tra_20260123_142837_dbc43c,training,training_data,2026-01-23T14:28:37.432425,,,,,,completed,87211.1,,,,,,,,,,,,,,100,0.0001,True,,,,,,,,,,,,,,,,,,,,,Y:\2_Connectome\Tissue\3D_Cleared\util_Brainglobe\Trained_Models\1p625x_z4\training_data,Y:\2_Connectome\Tissue\3D_Cleared\util_Brainglobe\Trained_Models\model_20260123_142837,,,,,,1.0.0,BISC_IC_AS3,,,,,,,,,,
tra_20260126_091954_eea106,training,training_data,2026-01-26T09:19:54.256104,,,,,,started,,,,,,,,,,,,,,,150,0.0001,True,,,,,,,,,,,,,,,,,,,,,Y:\2_Connectome\Tissue\3D_Cleared\util_Brainglobe\Trained_Models\1p625x_z4\training_data,Y:\2_Connectome\Tissue\3D_Cleared\util_Brainglobe\Trained_Models\model_20260126_091953,,,,,,1.0.0,BISC_IC_AS3,,,,,,,,,,
cla_20260126_095049_38c432,classification,368_CNT_03_08/368_CNT_03_08_1p625x_z4,2026-01-26T09:50:49.357285,368,CNT_03_08/368,CNT_03,CNT,Connectome,completed,568.8,,,,,,,,,,,,,,,,,,,,Y:\2_Connectome\Tissue\3D_Cleared\util_Brainglobe\Trained_Models\model_20260123_142837\model.keras,50,32,0,4179,,,,,,,,,,,,,Y:\2_Connectome\Tissue\3D_Cleared\1_Brains\368_CNT_03_08\368_CNT_03_08_1p625x_z4\4_Cell_Candidates\detected_cells.xml,Y:\2_Connectome\Tissue\3D_Cleared\1_Brains\368_CNT_03_08\368_CNT_03_08_1p625x_z4\5_Classified_Cells,Y:\2_Connectome\Tissue\3D_Cleared\util_Brainglobe\Trained_Models\model_20260123_142837\model.keras,,,,,1.0.0,BISC_IC_AS3,,,,,,,,,CNT_03_08_1p625x_z4,
cla_20260126_105558_8b6c9a,classification,368_CNT_03_08/368_CNT_03_08_1p625x_z4,2026-01-26T10:55:58.648468,368,CNT_03_08/368,CNT_03,CNT,Connectome,failed,0,,,,,,,,,,,,,,,,,,,,Y:\2_Connectome\Tissue\3D_Cleared\util_Brainglobe\Trained_Models\model_20260123_142837\model.keras,50,32,0,0,,,,,,,,,,,,,Y:\2_Connectome\Tissue\3D_Cleared\1_Brains\368_CNT_03_08\368_CNT_03_08_1p625x_z4\4_Cell_Candidates\detected_cells.xml,Y:\2_Connectome\Tissue\3D_Cleared\1_Brains\368_CNT_03_08\368_CNT_03_08_1p625x_z4\5_Classified_Cells,Y:\2_Connectome\Tissue\3D_Cleared\util_Brainglobe\Trained_Models\model_20260123_142837\model.keras,,,,,1.0.0,BISC_IC_AS3,,,,,,,,,CNT_03_08_1p625x_z4,
cla_20260126_121111_3baf82,classification,368_CNT_03_08/368_CNT_03_08_1p625x_z4,2026-01-26T12:11:11.766588,368,CNT_03_08/368,CNT_03,CNT,Connectome,completed,846.5,,,,,,,,,,,,,,,,,,,,Y:\2_Connectome\Tissue\3D_Cleared\util_Brainglobe\Trained_Models\model_20260123_142837\model.keras,50,32,0,4179,,,,,,,,,,,,,Y:\2_Connectome\Tissue\3D_Cleared\1_Brains\368_CNT_03_08\368_CNT_03_08_1p625x_z4\4_Cell_Candidates\detected_cells.xml,Y:\2_Connectome\Tissue\3D_Cleared\1_Brains\368_CNT_03_08\368_CNT_03_08_1p625x_z4\5_Classified_Cells,Y:\2_Connectome\Tissue\3D_Cleared\util_Brainglobe\Trained_Models\model_20260123_142837\model.keras,,,,,1.0.0,BISC_IC_AS3,,,,,,,,,CNT_03_08_1p625x_z4,
cou_20260126_140718_b62880,counts,349_CNT_01_02/349_CNT_01_02_1p625x_z4,2026-01-26T14:07:18.040146,349,CNT_01_02/349,CNT_01,CNT,Connectome,completed,143.8,allen_mouse_10um,,,,,,,,,,,,,,,,,,,,,,,,,25930,Y:\2_Connectome\Tissue\3D_Cleared\1_Brains\349_CNT_01_02\349_CNT_01_02_1p625x_z4\6_Region_Analysis\cell_counts_by_region.csv,,,,,,,,,,Y:\2_Connectome\Tissue\3D_Cleared\1_Brains\349_CNT_01_02\349_CNT_01_02_1p625x_z4\5_Classified_Cells\cells.xml,Y:\2_Connectome\Tissue\3D_Cleared\1_Brains\349_CNT_01_02\349_CNT_01_02_1p625x_z4\6_Region_Analysis,,,,,,1.0.1,BISC_IC_AS3,,,,,,,,,CNT_01_02_1p625x_z4,
cou_20260126_141132_5484f5,counts,349_CNT_01_02/349_CNT_01_02_1p625x_z4,2026-01-26T14:11:32.179865,349,CNT_01_02/349,CNT_01,CNT,Connectome,completed,151.6,allen_mouse_10um,,,,,,,,,,,,,,,,,,,,,,,,,25930,Y:\2_Connectome\Tissue\3D_Cleared\1_Brains\349_CNT_01_02\349_CNT_01_02_1p625x_z4\6_Region_Analysis\cell_counts_by_region.csv,,,,,,,,,,Y:\2_Connectome\Tissue\3D_Cleared\1_Brains\349_CNT_01_02\349_CNT_01_02_1p625x_z4\5_Classified_Cells\cells.xml,Y:\2_Connectome\Tissue\3D_Cleared\1_Brains\349_CNT_01_02\349_CNT_01_02_1p625x_z4\6_Region_Analysis,,,,,,1.0.1,BISC_IC_AS3,,,,,,,,,CNT_01_02_1p625x_z4,
cou_20260126_141544_7c708a,counts,357_CNT_02_08/357_CNT_02_08_1p625x_z4,2026-01-26T14:15:44.381016,357,CNT_02_08/357,CNT_02,CNT,Connectome,completed,133.9,allen_mouse_10um,,,,,,,,,,,,,,,,,,,,,,,,,34666,Y:\2_Connectome\Tissue\3D_Cleared\1_Brains\357_CNT_02_08\357_CNT_02_08_1p625x_z4\6_Region_Analysis\cell_counts_by_region.csv,,,,,,,,,,Y:\2_Connectome\Tissue\3D_Cleared\1_Brains\357_CNT_02_08\357_CNT_02_08_1p625x_z4\5_Classified_Cells\cells.xml,Y:\2_Connectome\Tissue\3D_Cleared\1_Brains\357_CNT_02_08\357_CNT_02_08_1p625x_z4\6_Region_Analysis,,,,,,1.0.1,BISC_IC_AS3,,,,,,,,,CNT_02_08_1p625x_z4,
cou_20260126_141839_a5aaac,counts,367_CNT_03_07/367_CNT_03_07_1p625x_z4,2026-01-26T14:18:39.182852,367,CNT_03_07/367,CNT_03,CNT,Connectome,completed,132.6,allen_mouse_10um,,,,,,,,,,,,,,,,,,,,,,,,,34818,Y:\2_Connectome\Tissue\3D_Cleared\1_Brains\367_CNT_03_07\367_CNT_03_07_1p625x_z4\6_Region_Analysis\cell_counts_by_region.csv,,,,,,,,,,Y:\2_Connectome\Tissue\3D_Cleared\1_Brains\367_CNT_03_07\367_CNT_03_07_1p625x_z4\5_Classified_Cells\cells.xml,Y:\2_Connectome\Tissue\3D_Cleared\1_Brains\367_CNT_03_07\367_CNT_03_07_1p625x_z4\6_Region_Analysis,,,,,,1.0.1,BISC_IC_AS3,,,,,,,,,CNT_03_07_1p625x_z4,
cou_20260126_142123_f4a6ce,counts,368_CNT_03_08/368_CNT_03_08_1p625x_z4,2026-01-26T14:21:23.541647,368,CNT_03_08/368,CNT_03,CNT,Connectome,completed,88.8,allen_mouse_10um,,,,,,,,,,,,,,,,,,,,,,,,,0,Y:\2_Connectome\Tissue\3D_Cleared\1_Brains\368_CNT_03_08\368_CNT_03_08_1p625x_z4\6_Region_Analysis\cell_counts_by_region.csv,,,,,,,,,,Y:\2_Connectome\Tissue\3D_Cleared\1_Brains\368_CNT_03_08\368_CNT_03_08_1p625x_z4\5_Classified_Cells\cells.xml,Y:\2_Connectome\Tissue\3D_Cleared\1_Brains\368_CNT_03_08\368_CNT_03_08_1p625x_z4\6_Region_Analysis,,,,,,1.0.1,BISC_IC_AS3,,,,,,,,,CNT_03_08_1p625x_z4,
tra_20260128_090758_456163,training,training_data,2026-01-28T09:07:58.848416,,,,,,failed,0.0,,,,,,,,,,,,,,100,0.0001,True,,,,,,,,,,,,,,,,,,,,,Y:\2_Connectome\Tissue\3D_Cleared\util_Brainglobe\Trained_Models\1p625x_z4\training_data,Y:\2_Connectome\Tissue\3D_Cleared\util_Brainglobe\Trained_Models\model_20260128_090758,,,,Restart training with n-free-cpus=2 to match working model,,1.0.0,BISC_IC_AS3,,,,,,,,,,
tra_20260128_091119_375b7f,training,training_data,2026-01-28T09:11:19.976832,,,,,,failed,344.6,,,,,,,,,,,,,,100,0.0001,True,,,,,,,,,,,,,,,,,,,,,Y:\2_Connectome\Tissue\3D_Cleared\util_Brainglobe\Trained_Models\1p625x_z4\training_data,Y:\2_Connectome\Tissue\3D_Cleared\util_Brainglobe\Trained_Models\model_20260128_091119,,,,Restart training after fixing cellfinder_train path,,1.0.0,BISC_IC_AS3,,,,,,,,,,
tra_20260128_094107_c38fe5,training,training_data,2026-01-28T09:41:07.243146,,,,,,started,,,,,,,,,,,,,,,100,0.0001,True,,,,,,,,,,,,,,,,,,,,,Y:\2_Connectome\Tissue\3D_Cleared\util_Brainglobe\Trained_Models\1p625x_z4\training_data,Y:\2_Connectome\Tissue\3D_Cleared\util_Brainglobe\Trained_Models\model_20260128_094106,,,,"Retraining with Python API, n_free_cpus=2",,1.0.0,BISC_IC_AS3,,,,,,,,,,
cla_20260206_073510_8510cf,classification,357_CNT_02_08/357_CNT_02_08_1p625x_z4,2026-02-06T07:35:10.846288,357,CNT_02_08/357,CNT_02,CNT,Connectome,failed,,,,,,,,,,,,,,,,,,,,,Y:\2_Connectome\Tissue\3D_Cleared\util_Brainglobe\Trained_Models\model_20260123_142837\model.keras,50,32,,,,,,,,,,,,,,,Y:\2_Connectome\Tissue\3D_Cleared\1_Brains\357_CNT_02_08\357_CNT_02_08_1p625x_z4\4_Cell_Candidates\detected_cells.xml,Y:\2_Connectome\Tissue\3D_Cleared\1_Brains\357_CNT_02_08\357_CNT_02_08_1p625x_z4\5_Classified_Cells\compare_Jan23_100ep,Y:\2_Connectome\Tissue\3D_Cleared\util_Brainglobe\Trained_Models\model_20260123_142837\model.keras,,,Model comparison: Jan23_100ep,,1.0.0,BISC_IC_AS3,,,,,,,,,CNT_02_08_1p625x_z4,
cla_20260206_073514_b54a23,classification,357_CNT_02_08/357_CNT_02_08_1p625x_z4,2026-02-06T07:35:14.361055,357,CNT_02_08/357,CNT_02,CNT,Connectome,failed,,,,,,,,,,,,,,,,,,,,,Y:\2_Connectome\Tissue\3D_Cleared\util_Brainglobe\Trained_Models\model_20260128_manual\model-epoch.37-loss-0.057.keras,50,32,,,,,,,,,,,,,,,Y:\2_Connectome\Tissue\3D_Cleared\1_Brains\357_CNT_02_08\357_CNT_02_08_1p625x_z4\4_Cell_Candidates\detected_cells.xml,Y:\2_Connectome\Tissue\3D_Cleared\1_Brains\357_CNT_02_08\357_CNT_02_08_1p625x_z4\5_Classified_Cells\compare_Jan28_40ep,Y:\2_Connectome\Tissue\3D_Cleared\util_Brainglobe\Trained_Models\model_20260128_manual\model-epoch.37-loss-0.057.keras,,,Model comparison: Jan28_40ep,,1.0.0,BISC_IC_AS3,,,,,,,,,CNT_02_08_1p625x_z4,
cla_20260206_073518_b8454b,classification,367_CNT_03_07/367_CNT_03_07_1p625x_z4,2026-02-06T07:35:18.379494,367,CNT_03_07/367,CNT_03,CNT,Connectome,failed,,,,,,,,,,,,,,,,,,,,,Y:\2_Connectome\Tissue\3D_Cleared\util_Brainglobe\Trained_Models\model_20260123_142837\model.keras,50,32,,,,,,,,,,,,,,,Y:\2_Connectome\Tissue\3D_Cleared\1_Brains\367_CNT_03_07\367_CNT_03_07_1p625x_z4\4_Cell_Candidates\detected_cells.xml,Y:\2_Connectome\Tissue\3D_Cleared\1_Brains\367_CNT_03_07\367_CNT_03_07_1p625x_z4\5_Classified_Cells\compare_Jan23_100ep,Y:\2_Connectome\Tissue\3D_Cleared\util_Brainglobe\Trained_Models\model_20260123_142837\model.keras,,,Model comparison: Jan23_100ep,,1.0.0,BISC_IC_AS3,,,,,,,,,CNT_03_07_1p625x_z4,
cla_20260206_073521_1794a6,classification,367_CNT_03_07/367_CNT_03_07_1p625x_z4,2026-02-06T07:35:21.094500,367,CNT_03_07/367,CNT_03,CNT,Connectome,failed,,,,,,,,,,,,,,,,,,,,,Y:\2_Connectome\Tissue\3D_Cleared\util_Brainglobe\Trained_Models\model_20260128_manual\model-epoch.37-loss-0.057.keras,50,32,,,,,,,,,,,,,,,Y:\2_Connectome\Tissue\3D_Cleared\1_Brains\367_CNT_03_07\367_CNT_03_07_1p625x_z4\4_Cell_Candidates\detected_cells.xml,Y:\2_Connectome\Tissue\3D_Cleared\1_Brains\367_CNT_03_07\367_CNT_03_07_1p625x_z4\5_Classified_Cells\compare_Jan28_40ep,Y:\2_Connectome\Tissue\3D_Cleared\util_Brainglobe\Trained_Models\model_20260128_manual\model-epoch.37-loss-0.057.keras,,,Model comparison: Jan28_40ep,,1.0.0,BISC_IC_AS3,,,,,,,,,CNT_03_07_1p625x_z4,
cla_20260206_073522_7a461a,classification,368_CNT_03_08/368_CNT_03_08_1p625x_z4,2026-02-06T07:35:22.946343,368,CNT_03_08/368,CNT_03,CNT,Connectome,failed,,,,,,,,,,,,,,,,,,,,,Y:\2_Connectome\Tissue\3D_Cleared\util_Brainglobe\Trained_Models\model_20260123_142837\model.keras,50,32,,,,,,,,,,,,,,,Y:\2_Connectome\Tissue\3D_Cleared\1_Brains\368_CNT_03_08\368_CNT_03_08_1p625x_z4\4_Cell_Candidates\detected_cells.xml,Y:\2_Connectome\Tissue\3D_Cleared\1_Brains\368_CNT_03_08\368_CNT_03_08_1p625x_z4\5_Classified_Cells\compare_Jan23_100ep,Y:\2_Connectome\Tissue\3D_Cleared\util_Brainglobe\Trained_Models\model_20260123_142837\model.keras,,,Model comparison: Jan23_100ep,,1.0.0,BISC_IC_AS3,,,,,,,,,CNT_03_08_1p625x_z4,
cla_20260206_073524_27535f,classification,368_CNT_03_08/368_CNT_03_08_1p625x_z4,2026-02-06T07:35:24.498333,368,CNT_03_08/368,CNT_03,CNT,Connectome,failed,,,,,,,,,,,,,,,,,,,,,Y:\2_Connectome\Tissue\3D_Cleared\util_Brainglobe\Trained_Models\model_20260128_manual\model-epoch.37-loss-0.057.keras,50,32,,,,,,,,,,,,,,,Y:\2_Connectome\Tissue\3D_Cleared\1_Brains\368_CNT_03_08\368_CNT_03_08_1p625x_z4\4_Cell_Candidates\detected_cells.xml,Y:\2_Connectome\Tissue\3D_Cleared\1_Brains\368_CNT_03_08\368_CNT_03_08_1p625x_z4\5_Classified_Cells\compare_Jan28_40ep,Y:\2_Connectome\Tissue\3D_Cleared\util_Brainglobe\Trained_Models\model_20260128_manual\model-epoch.37-loss-0.057.keras,,,Model comparison: Jan28_40ep,,1.0.0,BISC_IC_AS3,,,,,,,,,CNT_03_08_1p625x_z4,
cla_20260206_074552_652d9c,classification,357_CNT_02_08/357_CNT_02_08_1p625x_z4,2026-02-06T07:45:52.004698,357,CNT_02_08/357,CNT_02,CNT,Connectome,failed,,,,,,,,,,,,,,,,,,,,,Y:\2_Connectome\Tissue\3D_Cleared\util_Brainglobe\Trained_Models\model_20260123_142837\model.keras,50,32,,,,,,,,,,,,,,,Y:\2_Connectome\Tissue\3D_Cleared\1_Brains\357_CNT_02_08\357_CNT_02_08_1p625x_z4\4_Cell_Candidates\detected_cells.xml,Y:\2_Connectome\Tissue\3D_Cleared\1_Brains\357_CNT_02_08\357_CNT_02_08_1p625x_z4\5_Classified_Cells\compare_Jan23_100ep,Y:\2_Connectome\Tissue\3D_Cleared\util_Brainglobe\Trained_Models\model_20260123_142837\model.keras,,,Model comparison: Jan23_100ep,,1.0.0,BISC_IC_AS3,,,,,,,,,CNT_02_08_1p625x_z4,
cla_20260206_074616_8576f0,classification,357_CNT_02_08/357_CNT_02_08_1p625x_z4,2026-02-06T07:46:16.191486,357,CNT_02_08/357,CNT_02,CNT,Connectome,failed,,,,,,,,,,,,,,,,,,,,,Y:\2_Connectome\Tissue\3D_Cleared\util_Brainglobe\Trained_Models\model_20260128_manual\model-epoch.37-loss-0.057.keras,50,32,,,,,,,,,,,,,,,Y:\2_Connectome\Tissue\3D_Cleared\1_Brains\357_CNT_02_08\357_CNT_02_08_1p625x_z4\4_Cell_Candidates\detected_cells.xml,Y:\2_Connectome\Tissue\3D_Cleared\1_Brains\357_CNT_02_08\357_CNT_02_08_1p625x_z4\5_Classified_Cells\compare_Jan28_40ep,Y:\2_Connectome\Tissue\3D_Cleared\util_Brainglobe\Trained_Models\model_20260128_manual\model-epoch.37-loss-0.057.keras,,,Model comparison: Jan28_40ep,,1.0.0,BISC_IC_AS3,,,,,,,,,CNT_02_08_1p625x_z4,
cla_20260206_084346_f70b4b,classification,357_CNT_02_08/357_CNT_02_08_1p625x_z4,2026-02-06T08:43:46.694182,357,CNT_02_08/357,CNT_02,CNT,Connectome,completed,,,,,,,,,,,,,,,,,,,,,Y:\2_Connectome\Tissue\3D_Cleared\util_Brainglobe\Trained_Models\model_20260123_142837\model_keras2.h5,50,32,78,47892,,,,,,,,,,,,,Y:\2_Connectome\Tissue\3D_Cleared\1_Brains\357_CNT_02_08\357_CNT_02_08_1p625x_z4\4_Cell_Candidates\detected_cells.xml,Y:\2_Connectome\Tissue\3D_Cleared\1_Brains\357_CNT_02_08\357_CNT_02_08_1p625x_z4\5_Classified_Cells\compare_Jan23_100ep,Y:\2_Connectome\Tissue\3D_Cleared\util_Brainglobe\Trained_Models\model_20260123_142837\model_keras2.h5,,,Model comparison: Jan23_100ep,,1.0.0,BISC_IC_AS3,,,,,,,,,CNT_02_08_1p625x_z4,
cla_20260206_112645_10d02b,classification,357_CNT_02_08/357_CNT_02_08_1p625x_z4,2026-02-06T11:26:45.551755,357,CNT_02_08/357,CNT_02,CNT,Connectome,started,,,,,,,,,,,,,,,,,,,,,Y:\2_Connectome\Tissue\3D_Cleared\util_Brainglobe\Trained_Models\model_20260128_manual\model-epoch.37-loss-0.057_keras2.h5,50,32,,,,,,,,,,,,,,,Y:\2_Connectome\Tissue\3D_Cleared\1_Brains\357_CNT_02_08\357_CNT_02_08_1p625x_z4\4_Cell_Candidates\detected_cells.xml,Y:\2_Connectome\Tissue\3D_Cleared\1_Brains\357_CNT_02_08\357_CNT_02_08_1p625x_z4\5_Classified_Cells\compare_Jan28_40ep,Y:\2_Connectome\Tissue\3D_Cleared\util_Brainglobe\Trained_Models\model_20260128_manual\model-epoch.37-loss-0.057_keras2.h5,,,Model comparison: Jan28_40ep,,1.0.0,BISC_IC_AS3,,,,,,,,,CNT_02_08_1p625x_z4,
